Method,Time
C3,14.294846999982838
C3,16.250469999969937
C3,15.041893000015989
C3,15.001106999989133
C3,15.351619000022765
C3,14.752057000005152
C3,14.819312000006903
C3,16.497591999999713
C3,14.83489500003634
C3,18.2006270000129
ContinuationsOnly,66.08999899995979
ContinuationsOnly,46.85886700003175
ContinuationsOnly,60.87628500000574
ContinuationsOnly,53.08687500003725
ContinuationsOnly,36.033024000003934
ContinuationsOnly,61.775124999985565
ContinuationsOnly,41.21045700000832
ContinuationsOnly,38.71179500001017
ContinuationsOnly,49.15489700000035
ContinuationsOnly,54.1412920000148
LightweightMH,165.3217730000033
LightweightMH,171.81396599998698
LightweightMH,151.88475299999118
LightweightMH,143.96523500001058
LightweightMH,202.08574299997417
LightweightMH,67.20026299997699
LightweightMH,139.4856939999736
LightweightMH,194.96991500002332
LightweightMH,174.89224600000307
LightweightMH,121.69635199999902
CachingOnly,197.553442000004
CachingOnly,166.34159500000533
CachingOnly,155.18661199999042
CachingOnly,188.64748400001554
CachingOnly,87.0367499999702
CachingOnly,87.9532659999677
CachingOnly,140.50290299998596
CachingOnly,191.65748999995412
CachingOnly,91.85443900001701
CachingOnly,119.14874999999302